Sample_ID	Sample_Path	Channel	Audio_Length	Start	End	Transcription	Speaker_ID	Database
Y_M-Fokw3Wlco_8.0_11.0	/home/cx02775/iterative-pseudo-forced-alignment-ctc//data/sample/audio_16kHz/Y_M-Fokw3Wlco.wav	1	3.0	8.0	11.0	credo	unknown	benedetti
Y_M-Fokw3Wlco_11.0_13.0	/home/cx02775/iterative-pseudo-forced-alignment-ctc//data/sample/audio_16kHz/Y_M-Fokw3Wlco.wav	1	2.0	11.0	13.0	de pronto uno se aleja de las imágenes	unknown	benedetti
Y_M-Fokw3Wlco_13.0_17.0	/home/cx02775/iterative-pseudo-forced-alignment-ctc//data/sample/audio_16kHz/Y_M-Fokw3Wlco.wav	1	4.0	13.0	17.0	queridas amigas quedas frágil en el	unknown	benedetti
Y_M-Fokw3Wlco_17.0_20.0	/home/cx02775/iterative-pseudo-forced-alignment-ctc//data/sample/audio_16kHz/Y_M-Fokw3Wlco.wav	1	3.0	17.0	20.0	horizonte he dejado pensando en muchas	unknown	benedetti
Y_M-Fokw3Wlco_20.0_23.0	/home/cx02775/iterative-pseudo-forced-alignment-ctc//data/sample/audio_16kHz/Y_M-Fokw3Wlco.wav	1	3.0	20.0	23.0	cosas pero ojalá pienses un poco en mi	unknown	benedetti
Y_M-Fokw3Wlco_23.0_28.0	/home/cx02775/iterative-pseudo-forced-alignment-ctc//data/sample/audio_16kHz/Y_M-Fokw3Wlco.wav	1	5.0	23.0	28.0	vos sabes en esta excursión a la muerte	unknown	benedetti
Y_M-Fokw3Wlco_28.0_31.0	/home/cx02775/iterative-pseudo-forced-alignment-ctc//data/sample/audio_16kHz/Y_M-Fokw3Wlco.wav	1	3.0	28.0	31.0	que es la vida me siento bien acompañado	unknown	benedetti
Y_M-Fokw3Wlco_31.0_34.0	/home/cx02775/iterative-pseudo-forced-alignment-ctc//data/sample/audio_16kHz/Y_M-Fokw3Wlco.wav	1	3.0	31.0	34.0	me siento casi con respuestas cuando	unknown	benedetti
Y_M-Fokw3Wlco_34.0_37.0	/home/cx02775/iterative-pseudo-forced-alignment-ctc//data/sample/audio_16kHz/Y_M-Fokw3Wlco.wav	1	3.0	34.0	37.0	puedo imaginar que haya lejos quizá	unknown	benedetti
Y_M-Fokw3Wlco_37.0_41.0	/home/cx02775/iterative-pseudo-forced-alignment-ctc//data/sample/audio_16kHz/Y_M-Fokw3Wlco.wav	1	4.0	37.0	41.0	creas en mi credo antes de dormirte o te	unknown	benedetti
Y_M-Fokw3Wlco_41.0_44.0	/home/cx02775/iterative-pseudo-forced-alignment-ctc//data/sample/audio_16kHz/Y_M-Fokw3Wlco.wav	1	3.0	41.0	44.0	cruces conmigo en los pasillos del sueño	unknown	benedetti
Y_M-Fokw3Wlco_44.0_47.0	/home/cx02775/iterative-pseudo-forced-alignment-ctc//data/sample/audio_16kHz/Y_M-Fokw3Wlco.wav	1	3.0	44.0	47.0	está además decirte que a esta altura no	unknown	benedetti
Y_M-Fokw3Wlco_47.0_50.0	/home/cx02775/iterative-pseudo-forced-alignment-ctc//data/sample/audio_16kHz/Y_M-Fokw3Wlco.wav	1	3.0	47.0	50.0	creo en predicadores ni en generales ni	unknown	benedetti
Y_M-Fokw3Wlco_50.0_52.0	/home/cx02775/iterative-pseudo-forced-alignment-ctc//data/sample/audio_16kHz/Y_M-Fokw3Wlco.wav	1	2.0	50.0	52.0	en las nalgas de mis universo ni en el	unknown	benedetti
Y_M-Fokw3Wlco_52.0_55.0	/home/cx02775/iterative-pseudo-forced-alignment-ctc//data/sample/audio_16kHz/Y_M-Fokw3Wlco.wav	1	3.0	52.0	55.0	arrepentimiento de los verdugos ni en el	unknown	benedetti
Y_M-Fokw3Wlco_55.0_57.0	/home/cx02775/iterative-pseudo-forced-alignment-ctc//data/sample/audio_16kHz/Y_M-Fokw3Wlco.wav	1	2.0	55.0	57.0	catecismo del confort ni en el flaco	unknown	benedetti
Y_M-Fokw3Wlco_57.0_61.0	/home/cx02775/iterative-pseudo-forced-alignment-ctc//data/sample/audio_16kHz/Y_M-Fokw3Wlco.wav	1	4.0	57.0	61.0	perdón de dios a esta altura del partido	unknown	benedetti
Y_M-Fokw3Wlco_61.0_65.0	/home/cx02775/iterative-pseudo-forced-alignment-ctc//data/sample/audio_16kHz/Y_M-Fokw3Wlco.wav	1	4.0	61.0	65.0	creo en los ojos y las manos del pueblo	unknown	benedetti
Y_M-Fokw3Wlco_65.0_69.0	/home/cx02775/iterative-pseudo-forced-alignment-ctc//data/sample/audio_16kHz/Y_M-Fokw3Wlco.wav	1	4.0	65.0	69.0	en general y en tus ojos y tus manos en	unknown	benedetti
Y_M-Fokw3Wlco_69.0_77.0	/home/cx02775/iterative-pseudo-forced-alignment-ctc//data/sample/audio_16kHz/Y_M-Fokw3Wlco.wav	1	8.0	69.0	77.0	particular	unknown	benedetti
Y_M-Fokw3Wlco_77.0_79.0	/home/cx02775/iterative-pseudo-forced-alignment-ctc//data/sample/audio_16kHz/Y_M-Fokw3Wlco.wav	1	2.0	77.0	79.0	y estados de ánimo	unknown	benedetti
Y_M-Fokw3Wlco_79.0_83.0	/home/cx02775/iterative-pseudo-forced-alignment-ctc//data/sample/audio_16kHz/Y_M-Fokw3Wlco.wav	1	4.0	79.0	83.0	unas veces me siento como pobre colina y	unknown	benedetti
Y_M-Fokw3Wlco_83.0_86.0	/home/cx02775/iterative-pseudo-forced-alignment-ctc//data/sample/audio_16kHz/Y_M-Fokw3Wlco.wav	1	3.0	83.0	86.0	otras como montaña de cumbres repetidas	unknown	benedetti
Y_M-Fokw3Wlco_86.0_90.0	/home/cx02775/iterative-pseudo-forced-alignment-ctc//data/sample/audio_16kHz/Y_M-Fokw3Wlco.wav	1	4.0	86.0	90.0	una veces me siento como un acantilado y	unknown	benedetti
Y_M-Fokw3Wlco_90.0_93.0	/home/cx02775/iterative-pseudo-forced-alignment-ctc//data/sample/audio_16kHz/Y_M-Fokw3Wlco.wav	1	3.0	90.0	93.0	en otras como un cielo azul pero lejano	unknown	benedetti
Y_M-Fokw3Wlco_93.0_98.0	/home/cx02775/iterative-pseudo-forced-alignment-ctc//data/sample/audio_16kHz/Y_M-Fokw3Wlco.wav	1	5.0	93.0	98.0	a veces uno es manantial entre rocas y	unknown	benedetti
Y_M-Fokw3Wlco_98.0_100.0	/home/cx02775/iterative-pseudo-forced-alignment-ctc//data/sample/audio_16kHz/Y_M-Fokw3Wlco.wav	1	2.0	98.0	100.0	otras veces un árbol con las últimas	unknown	benedetti
Y_M-Fokw3Wlco_100.0_104.0	/home/cx02775/iterative-pseudo-forced-alignment-ctc//data/sample/audio_16kHz/Y_M-Fokw3Wlco.wav	1	4.0	100.0	104.0	hojas pero hoy me siento apenas como	unknown	benedetti
Y_M-Fokw3Wlco_104.0_107.0	/home/cx02775/iterative-pseudo-forced-alignment-ctc//data/sample/audio_16kHz/Y_M-Fokw3Wlco.wav	1	3.0	104.0	107.0	laguna insomne con un embarcadero ya sin	unknown	benedetti
Y_M-Fokw3Wlco_107.0_111.0	/home/cx02775/iterative-pseudo-forced-alignment-ctc//data/sample/audio_16kHz/Y_M-Fokw3Wlco.wav	1	4.0	107.0	111.0	embarcaciones una laguna verde inmóvil y	unknown	benedetti
Y_M-Fokw3Wlco_111.0_115.0	/home/cx02775/iterative-pseudo-forced-alignment-ctc//data/sample/audio_16kHz/Y_M-Fokw3Wlco.wav	1	4.0	111.0	115.0	paciente conforme con sus algas sus	unknown	benedetti
Y_M-Fokw3Wlco_115.0_119.0	/home/cx02775/iterative-pseudo-forced-alignment-ctc//data/sample/audio_16kHz/Y_M-Fokw3Wlco.wav	1	4.0	115.0	119.0	musgos y sus peces sereno en mi	unknown	benedetti
Y_M-Fokw3Wlco_119.0_122.0	/home/cx02775/iterative-pseudo-forced-alignment-ctc//data/sample/audio_16kHz/Y_M-Fokw3Wlco.wav	1	3.0	119.0	122.0	confianza confiado en que una tarde te	unknown	benedetti
Y_M-Fokw3Wlco_122.0_126.0	/home/cx02775/iterative-pseudo-forced-alignment-ctc//data/sample/audio_16kHz/Y_M-Fokw3Wlco.wav	1	4.0	122.0	126.0	acerques y que miles de miles al	unknown	benedetti
Y_M-Fokw3Wlco_126.0_133.0	/home/cx02775/iterative-pseudo-forced-alignment-ctc//data/sample/audio_16kHz/Y_M-Fokw3Wlco.wav	1	7.0	126.0	133.0	mirandés	unknown	benedetti
Y_M-Fokw3Wlco_133.0_137.0	/home/cx02775/iterative-pseudo-forced-alignment-ctc//data/sample/audio_16kHz/Y_M-Fokw3Wlco.wav	1	4.0	133.0	137.0	hagamos un trato	unknown	benedetti
Y_M-Fokw3Wlco_137.0_139.0	/home/cx02775/iterative-pseudo-forced-alignment-ctc//data/sample/audio_16kHz/Y_M-Fokw3Wlco.wav	1	2.0	137.0	139.0	compañera usted sabe que puede contar	unknown	benedetti
Y_M-Fokw3Wlco_139.0_142.0	/home/cx02775/iterative-pseudo-forced-alignment-ctc//data/sample/audio_16kHz/Y_M-Fokw3Wlco.wav	1	3.0	139.0	142.0	conmigo no hasta dos o hasta diez sino	unknown	benedetti
Y_M-Fokw3Wlco_142.0_145.0	/home/cx02775/iterative-pseudo-forced-alignment-ctc//data/sample/audio_16kHz/Y_M-Fokw3Wlco.wav	1	3.0	142.0	145.0	contar conmigo si alguna vez advierte	unknown	benedetti
Y_M-Fokw3Wlco_145.0_148.0	/home/cx02775/iterative-pseudo-forced-alignment-ctc//data/sample/audio_16kHz/Y_M-Fokw3Wlco.wav	1	3.0	145.0	148.0	que la miro a los ojos y una veta de	unknown	benedetti
Y_M-Fokw3Wlco_148.0_151.0	/home/cx02775/iterative-pseudo-forced-alignment-ctc//data/sample/audio_16kHz/Y_M-Fokw3Wlco.wav	1	3.0	148.0	151.0	amor reconocen los míos no a leerte sus	unknown	benedetti
Y_M-Fokw3Wlco_151.0_155.0	/home/cx02775/iterative-pseudo-forced-alignment-ctc//data/sample/audio_16kHz/Y_M-Fokw3Wlco.wav	1	4.0	151.0	155.0	fusiles ni piense que delirio a pesar de	unknown	benedetti
Y_M-Fokw3Wlco_155.0_158.0	/home/cx02775/iterative-pseudo-forced-alignment-ctc//data/sample/audio_16kHz/Y_M-Fokw3Wlco.wav	1	3.0	155.0	158.0	la veta o tal vez porque existe usted	unknown	benedetti
Y_M-Fokw3Wlco_158.0_161.0	/home/cx02775/iterative-pseudo-forced-alignment-ctc//data/sample/audio_16kHz/Y_M-Fokw3Wlco.wav	1	3.0	158.0	161.0	puede contar conmigo	unknown	benedetti
Y_M-Fokw3Wlco_161.0_163.0	/home/cx02775/iterative-pseudo-forced-alignment-ctc//data/sample/audio_16kHz/Y_M-Fokw3Wlco.wav	1	2.0	161.0	163.0	si otras veces me encuentra un año sin	unknown	benedetti
Y_M-Fokw3Wlco_163.0_167.0	/home/cx02775/iterative-pseudo-forced-alignment-ctc//data/sample/audio_16kHz/Y_M-Fokw3Wlco.wav	1	4.0	163.0	167.0	motivo no piense que flojera	unknown	benedetti
Y_M-Fokw3Wlco_167.0_170.0	/home/cx02775/iterative-pseudo-forced-alignment-ctc//data/sample/audio_16kHz/Y_M-Fokw3Wlco.wav	1	3.0	167.0	170.0	igual puede contar conmigo pero hagamos	unknown	benedetti
Y_M-Fokw3Wlco_170.0_173.0	/home/cx02775/iterative-pseudo-forced-alignment-ctc//data/sample/audio_16kHz/Y_M-Fokw3Wlco.wav	1	3.0	170.0	173.0	un trato yo quisiera contar con usted es	unknown	benedetti
Y_M-Fokw3Wlco_173.0_176.0	/home/cx02775/iterative-pseudo-forced-alignment-ctc//data/sample/audio_16kHz/Y_M-Fokw3Wlco.wav	1	3.0	173.0	176.0	tan lindo saber que usted existe uno se	unknown	benedetti
Y_M-Fokw3Wlco_176.0_179.0	/home/cx02775/iterative-pseudo-forced-alignment-ctc//data/sample/audio_16kHz/Y_M-Fokw3Wlco.wav	1	3.0	176.0	179.0	siente vivo y cuando digo esto quiero	unknown	benedetti
Y_M-Fokw3Wlco_179.0_182.0	/home/cx02775/iterative-pseudo-forced-alignment-ctc//data/sample/audio_16kHz/Y_M-Fokw3Wlco.wav	1	3.0	179.0	182.0	decir contar aunque sea hasta dos aunque	unknown	benedetti
Y_M-Fokw3Wlco_182.0_185.0	/home/cx02775/iterative-pseudo-forced-alignment-ctc//data/sample/audio_16kHz/Y_M-Fokw3Wlco.wav	1	3.0	182.0	185.0	sea hasta cinco no ya para que acuda	unknown	benedetti
Y_M-Fokw3Wlco_185.0_188.0	/home/cx02775/iterative-pseudo-forced-alignment-ctc//data/sample/audio_16kHz/Y_M-Fokw3Wlco.wav	1	3.0	185.0	188.0	presurosa en mi auxilio sino para saber	unknown	benedetti
Y_M-Fokw3Wlco_188.0_191.0	/home/cx02775/iterative-pseudo-forced-alignment-ctc//data/sample/audio_16kHz/Y_M-Fokw3Wlco.wav	1	3.0	188.0	191.0	a ciencia cierta que usted sabe que	unknown	benedetti
Y_M-Fokw3Wlco_191.0_198.0	/home/cx02775/iterative-pseudo-forced-alignment-ctc//data/sample/audio_16kHz/Y_M-Fokw3Wlco.wav	1	7.0	191.0	198.0	puede contar conmigo	unknown	benedetti
Y_M-Fokw3Wlco_198.0_201.0	/home/cx02775/iterative-pseudo-forced-alignment-ctc//data/sample/audio_16kHz/Y_M-Fokw3Wlco.wav	1	3.0	198.0	201.0	hombre que mira una muchacha	unknown	benedetti
Y_M-Fokw3Wlco_201.0_205.0	/home/cx02775/iterative-pseudo-forced-alignment-ctc//data/sample/audio_16kHz/Y_M-Fokw3Wlco.wav	1	4.0	201.0	205.0	para que nunca haya malentendidos para	unknown	benedetti
Y_M-Fokw3Wlco_205.0_208.0	/home/cx02775/iterative-pseudo-forced-alignment-ctc//data/sample/audio_16kHz/Y_M-Fokw3Wlco.wav	1	3.0	205.0	208.0	que nada se interponga voy a explicarte	unknown	benedetti
Y_M-Fokw3Wlco_208.0_210.0	/home/cx02775/iterative-pseudo-forced-alignment-ctc//data/sample/audio_16kHz/Y_M-Fokw3Wlco.wav	1	2.0	208.0	210.0	lo que mi amor con book	unknown	benedetti
Y_M-Fokw3Wlco_210.0_213.0	/home/cx02775/iterative-pseudo-forced-alignment-ctc//data/sample/audio_16kHz/Y_M-Fokw3Wlco.wav	1	3.0	210.0	213.0	tus ojos que se caen de desconcierto y	unknown	benedetti
Y_M-Fokw3Wlco_213.0_217.0	/home/cx02775/iterative-pseudo-forced-alignment-ctc//data/sample/audio_16kHz/Y_M-Fokw3Wlco.wav	1	4.0	213.0	217.0	otras veces se alzan penetrantes tibios	unknown	benedetti
Y_M-Fokw3Wlco_217.0_220.0	/home/cx02775/iterative-pseudo-forced-alignment-ctc//data/sample/audio_16kHz/Y_M-Fokw3Wlco.wav	1	3.0	217.0	220.0	tienen tanta importancia que yo mismo me	unknown	benedetti
Y_M-Fokw3Wlco_220.0_221.0	/home/cx02775/iterative-pseudo-forced-alignment-ctc//data/sample/audio_16kHz/Y_M-Fokw3Wlco.wav	1	1.0	220.0	221.0	asombra	unknown	benedetti
Y_M-Fokw3Wlco_221.0_225.0	/home/cx02775/iterative-pseudo-forced-alignment-ctc//data/sample/audio_16kHz/Y_M-Fokw3Wlco.wav	1	4.0	221.0	225.0	tus lindas manos mágicas que te expresan	unknown	benedetti
Y_M-Fokw3Wlco_225.0_227.0	/home/cx02775/iterative-pseudo-forced-alignment-ctc//data/sample/audio_16kHz/Y_M-Fokw3Wlco.wav	1	2.0	225.0	227.0	a veces mejor que las palabras tan	unknown	benedetti
Y_M-Fokw3Wlco_227.0_231.0	/home/cx02775/iterative-pseudo-forced-alignment-ctc//data/sample/audio_16kHz/Y_M-Fokw3Wlco.wav	1	4.0	227.0	231.0	importantes son que no oso tocarlas y si	unknown	benedetti
Y_M-Fokw3Wlco_231.0_234.0	/home/cx02775/iterative-pseudo-forced-alignment-ctc//data/sample/audio_16kHz/Y_M-Fokw3Wlco.wav	1	3.0	231.0	234.0	un día las toco es solamente para	unknown	benedetti
Y_M-Fokw3Wlco_234.0_237.0	/home/cx02775/iterative-pseudo-forced-alignment-ctc//data/sample/audio_16kHz/Y_M-Fokw3Wlco.wav	1	3.0	234.0	237.0	retransmitir de ciertas claves	unknown	benedetti
Y_M-Fokw3Wlco_237.0_241.0	/home/cx02775/iterative-pseudo-forced-alignment-ctc//data/sample/audio_16kHz/Y_M-Fokw3Wlco.wav	1	4.0	237.0	241.0	tu cuerpo pendular que duda en recibirse	unknown	benedetti
Y_M-Fokw3Wlco_241.0_244.0	/home/cx02775/iterative-pseudo-forced-alignment-ctc//data/sample/audio_16kHz/Y_M-Fokw3Wlco.wav	1	3.0	241.0	244.0	o entregarse y es tan joven que enseña	unknown	benedetti
Y_M-Fokw3Wlco_244.0_248.0	/home/cx02775/iterative-pseudo-forced-alignment-ctc//data/sample/audio_16kHz/Y_M-Fokw3Wlco.wav	1	4.0	244.0	248.0	de sant tuyo es un dato del cual me	unknown	benedetti
Y_M-Fokw3Wlco_248.0_250.0	/home/cx02775/iterative-pseudo-forced-alignment-ctc//data/sample/audio_16kHz/Y_M-Fokw3Wlco.wav	1	2.0	248.0	250.0	faltan datos y sin embargo ayudo a	unknown	benedetti
Y_M-Fokw3Wlco_250.0_253.0	/home/cx02775/iterative-pseudo-forced-alignment-ctc//data/sample/audio_16kHz/Y_M-Fokw3Wlco.wav	1	3.0	250.0	253.0	conocerlo	unknown	benedetti
Y_M-Fokw3Wlco_253.0_256.0	/home/cx02775/iterative-pseudo-forced-alignment-ctc//data/sample/audio_16kHz/Y_M-Fokw3Wlco.wav	1	3.0	253.0	256.0	tus labios puestos en el entusiasmo que	unknown	benedetti
Y_M-Fokw3Wlco_256.0_260.0	/home/cx02775/iterative-pseudo-forced-alignment-ctc//data/sample/audio_16kHz/Y_M-Fokw3Wlco.wav	1	4.0	256.0	260.0	dibujo a palabras y promete promesas son	unknown	benedetti
Y_M-Fokw3Wlco_260.0_263.0	/home/cx02775/iterative-pseudo-forced-alignment-ctc//data/sample/audio_16kHz/Y_M-Fokw3Wlco.wav	1	3.0	260.0	263.0	en tu imagen para mí los héroes y son	unknown	benedetti
Y_M-Fokw3Wlco_263.0_266.0	/home/cx02775/iterative-pseudo-forced-alignment-ctc//data/sample/audio_16kHz/Y_M-Fokw3Wlco.wav	1	3.0	263.0	266.0	también el ángel enemigo en mi amor	unknown	benedetti
Y_M-Fokw3Wlco_266.0_269.0	/home/cx02775/iterative-pseudo-forced-alignment-ctc//data/sample/audio_16kHz/Y_M-Fokw3Wlco.wav	1	3.0	266.0	269.0	estás todas o casi todas me faltan	unknown	benedetti
Y_M-Fokw3Wlco_269.0_272.0	/home/cx02775/iterative-pseudo-forced-alignment-ctc//data/sample/audio_16kHz/Y_M-Fokw3Wlco.wav	1	3.0	269.0	272.0	cifras pero las cálculos faltan indicios	unknown	benedetti
Y_M-Fokw3Wlco_272.0_275.0	/home/cx02775/iterative-pseudo-forced-alignment-ctc//data/sample/audio_16kHz/Y_M-Fokw3Wlco.wav	1	3.0	272.0	275.0	pero los descubro sin embargo en mi amor	unknown	benedetti
Y_M-Fokw3Wlco_275.0_278.0	/home/cx02775/iterative-pseudo-forced-alignment-ctc//data/sample/audio_16kHz/Y_M-Fokw3Wlco.wav	1	3.0	275.0	278.0	hay otras cosas por ejemplo los sueños	unknown	benedetti
Y_M-Fokw3Wlco_278.0_281.0	/home/cx02775/iterative-pseudo-forced-alignment-ctc//data/sample/audio_16kHz/Y_M-Fokw3Wlco.wav	1	3.0	278.0	281.0	con que muevo la tierra la pobre lucha	unknown	benedetti
Y_M-Fokw3Wlco_281.0_284.0	/home/cx02775/iterative-pseudo-forced-alignment-ctc//data/sample/audio_16kHz/Y_M-Fokw3Wlco.wav	1	3.0	281.0	284.0	que libre y libramos los buenos odios	unknown	benedetti
Y_M-Fokw3Wlco_284.0_287.0	/home/cx02775/iterative-pseudo-forced-alignment-ctc//data/sample/audio_16kHz/Y_M-Fokw3Wlco.wav	1	3.0	284.0	287.0	esos que ennoblecen el diálogo constante	unknown	benedetti
Y_M-Fokw3Wlco_287.0_289.0	/home/cx02775/iterative-pseudo-forced-alignment-ctc//data/sample/audio_16kHz/Y_M-Fokw3Wlco.wav	1	2.0	287.0	289.0	con mi gente	unknown	benedetti
Y_M-Fokw3Wlco_289.0_292.0	/home/cx02775/iterative-pseudo-forced-alignment-ctc//data/sample/audio_16kHz/Y_M-Fokw3Wlco.wav	1	3.0	289.0	292.0	la pregunta punzante que me hicieron las	unknown	benedetti
Y_M-Fokw3Wlco_292.0_295.0	/home/cx02775/iterative-pseudo-forced-alignment-ctc//data/sample/audio_16kHz/Y_M-Fokw3Wlco.wav	1	3.0	292.0	295.0	respuestas veraces que no di en mi amor	unknown	benedetti
Y_M-Fokw3Wlco_295.0_298.0	/home/cx02775/iterative-pseudo-forced-alignment-ctc//data/sample/audio_16kHz/Y_M-Fokw3Wlco.wav	1	3.0	295.0	298.0	ahí también coraje varios y un miedo que	unknown	benedetti
Y_M-Fokw3Wlco_298.0_301.0	/home/cx02775/iterative-pseudo-forced-alignment-ctc//data/sample/audio_16kHz/Y_M-Fokw3Wlco.wav	1	3.0	298.0	301.0	a menudo lo resume hay hombres como yo	unknown	benedetti
Y_M-Fokw3Wlco_301.0_304.0	/home/cx02775/iterative-pseudo-forced-alignment-ctc//data/sample/audio_16kHz/Y_M-Fokw3Wlco.wav	1	3.0	301.0	304.0	que miran tras las rejas a una muchacha	unknown	benedetti
Y_M-Fokw3Wlco_304.0_307.0	/home/cx02775/iterative-pseudo-forced-alignment-ctc//data/sample/audio_16kHz/Y_M-Fokw3Wlco.wav	1	3.0	304.0	307.0	que podría ser vos	unknown	benedetti
Y_M-Fokw3Wlco_307.0_309.0	/home/cx02775/iterative-pseudo-forced-alignment-ctc//data/sample/audio_16kHz/Y_M-Fokw3Wlco.wav	1	2.0	307.0	309.0	en mi amor hay faena y hay descanso	unknown	benedetti
Y_M-Fokw3Wlco_309.0_312.0	/home/cx02775/iterative-pseudo-forced-alignment-ctc//data/sample/audio_16kHz/Y_M-Fokw3Wlco.wav	1	3.0	309.0	312.0	sencillas recompensas y complejos	unknown	benedetti
Y_M-Fokw3Wlco_312.0_315.0	/home/cx02775/iterative-pseudo-forced-alignment-ctc//data/sample/audio_16kHz/Y_M-Fokw3Wlco.wav	1	3.0	312.0	315.0	castigos hay dos o tres mujeres que	unknown	benedetti
Y_M-Fokw3Wlco_315.0_318.0	/home/cx02775/iterative-pseudo-forced-alignment-ctc//data/sample/audio_16kHz/Y_M-Fokw3Wlco.wav	1	3.0	315.0	318.0	forman tu prehistoria y hay muchos años	unknown	benedetti
Y_M-Fokw3Wlco_318.0_322.0	/home/cx02775/iterative-pseudo-forced-alignment-ctc//data/sample/audio_16kHz/Y_M-Fokw3Wlco.wav	1	4.0	318.0	322.0	demasiados años de inventar alegrías y	unknown	benedetti
Y_M-Fokw3Wlco_322.0_327.0	/home/cx02775/iterative-pseudo-forced-alignment-ctc//data/sample/audio_16kHz/Y_M-Fokw3Wlco.wav	1	5.0	322.0	327.0	creer las después a pie juntillas	unknown	benedetti
Y_M-Fokw3Wlco_327.0_330.0	/home/cx02775/iterative-pseudo-forced-alignment-ctc//data/sample/audio_16kHz/Y_M-Fokw3Wlco.wav	1	3.0	327.0	330.0	querría que en mi amor vieras todo eso y	unknown	benedetti
Y_M-Fokw3Wlco_330.0_333.0	/home/cx02775/iterative-pseudo-forced-alignment-ctc//data/sample/audio_16kHz/Y_M-Fokw3Wlco.wav	1	3.0	330.0	333.0	que vos muchachita con paciencia y	unknown	benedetti
Y_M-Fokw3Wlco_333.0_337.0	/home/cx02775/iterative-pseudo-forced-alignment-ctc//data/sample/audio_16kHz/Y_M-Fokw3Wlco.wav	1	4.0	333.0	337.0	cautela sin herir many herirte rescatar	unknown	benedetti
Y_M-Fokw3Wlco_337.0_340.0	/home/cx02775/iterative-pseudo-forced-alignment-ctc//data/sample/audio_16kHz/Y_M-Fokw3Wlco.wav	1	3.0	337.0	340.0	a de allí la luna al río los emblemas	unknown	benedetti
Y_M-Fokw3Wlco_340.0_343.0	/home/cx02775/iterative-pseudo-forced-alignment-ctc//data/sample/audio_16kHz/Y_M-Fokw3Wlco.wav	1	3.0	340.0	343.0	rituales los proyectos de besos o de	unknown	benedetti
Y_M-Fokw3Wlco_343.0_347.0	/home/cx02775/iterative-pseudo-forced-alignment-ctc//data/sample/audio_16kHz/Y_M-Fokw3Wlco.wav	1	4.0	343.0	347.0	adiós es el corazón que aguarda pese a	unknown	benedetti
Y_M-Fokw3Wlco_347.0_357.0	/home/cx02775/iterative-pseudo-forced-alignment-ctc//data/sample/audio_16kHz/Y_M-Fokw3Wlco.wav	1	10.0	347.0	357.0	todo	unknown	benedetti
Y_M-Fokw3Wlco_357.0_360.0	/home/cx02775/iterative-pseudo-forced-alignment-ctc//data/sample/audio_16kHz/Y_M-Fokw3Wlco.wav	1	3.0	357.0	360.0	la culpa es de uno	unknown	benedetti
Y_M-Fokw3Wlco_360.0_363.0	/home/cx02775/iterative-pseudo-forced-alignment-ctc//data/sample/audio_16kHz/Y_M-Fokw3Wlco.wav	1	3.0	360.0	363.0	quizá fue una hecatombe de esperanzas un	unknown	benedetti
Y_M-Fokw3Wlco_363.0_366.0	/home/cx02775/iterative-pseudo-forced-alignment-ctc//data/sample/audio_16kHz/Y_M-Fokw3Wlco.wav	1	3.0	363.0	366.0	derrumbe de algún modo previsto pero mi	unknown	benedetti
Y_M-Fokw3Wlco_366.0_369.0	/home/cx02775/iterative-pseudo-forced-alignment-ctc//data/sample/audio_16kHz/Y_M-Fokw3Wlco.wav	1	3.0	366.0	369.0	tristeza solo tuvo un sentido todas mis	unknown	benedetti
Y_M-Fokw3Wlco_369.0_371.0	/home/cx02775/iterative-pseudo-forced-alignment-ctc//data/sample/audio_16kHz/Y_M-Fokw3Wlco.wav	1	2.0	369.0	371.0	intuiciones se asomaron para verme	unknown	benedetti
Y_M-Fokw3Wlco_371.0_374.0	/home/cx02775/iterative-pseudo-forced-alignment-ctc//data/sample/audio_16kHz/Y_M-Fokw3Wlco.wav	1	3.0	371.0	374.0	sufrir que por cierto me vieron	unknown	benedetti
Y_M-Fokw3Wlco_374.0_377.0	/home/cx02775/iterative-pseudo-forced-alignment-ctc//data/sample/audio_16kHz/Y_M-Fokw3Wlco.wav	1	3.0	374.0	377.0	hasta aquí había dicho y rehecho mis	unknown	benedetti
Y_M-Fokw3Wlco_377.0_380.0	/home/cx02775/iterative-pseudo-forced-alignment-ctc//data/sample/audio_16kHz/Y_M-Fokw3Wlco.wav	1	3.0	377.0	380.0	trayectos contigo hasta aquí había	unknown	benedetti
Y_M-Fokw3Wlco_380.0_383.0	/home/cx02775/iterative-pseudo-forced-alignment-ctc//data/sample/audio_16kHz/Y_M-Fokw3Wlco.wav	1	3.0	380.0	383.0	apostado inventar la verdad pero vos	unknown	benedetti
Y_M-Fokw3Wlco_383.0_386.0	/home/cx02775/iterative-pseudo-forced-alignment-ctc//data/sample/audio_16kHz/Y_M-Fokw3Wlco.wav	1	3.0	383.0	386.0	encontraste la manera una manera tierna	unknown	benedetti
Y_M-Fokw3Wlco_386.0_388.0	/home/cx02775/iterative-pseudo-forced-alignment-ctc//data/sample/audio_16kHz/Y_M-Fokw3Wlco.wav	1	2.0	386.0	388.0	y a la vez implacable de desahuciar mi	unknown	benedetti
Y_M-Fokw3Wlco_388.0_390.0	/home/cx02775/iterative-pseudo-forced-alignment-ctc//data/sample/audio_16kHz/Y_M-Fokw3Wlco.wav	1	2.0	388.0	390.0	amor	unknown	benedetti
Y_M-Fokw3Wlco_390.0_393.0	/home/cx02775/iterative-pseudo-forced-alignment-ctc//data/sample/audio_16kHz/Y_M-Fokw3Wlco.wav	1	3.0	390.0	393.0	con un solo pronóstico lo quitaste del	unknown	benedetti
Y_M-Fokw3Wlco_393.0_396.0	/home/cx02775/iterative-pseudo-forced-alignment-ctc//data/sample/audio_16kHz/Y_M-Fokw3Wlco.wav	1	3.0	393.0	396.0	suburbio de tu vida posible lo envolví	unknown	benedetti
Y_M-Fokw3Wlco_396.0_398.0	/home/cx02775/iterative-pseudo-forced-alignment-ctc//data/sample/audio_16kHz/Y_M-Fokw3Wlco.wav	1	2.0	396.0	398.0	tst en nostalgias lo cargas te por	unknown	benedetti
Y_M-Fokw3Wlco_398.0_402.0	/home/cx02775/iterative-pseudo-forced-alignment-ctc//data/sample/audio_16kHz/Y_M-Fokw3Wlco.wav	1	4.0	398.0	402.0	cuadras y cuadras y despacito sin que el	unknown	benedetti
Y_M-Fokw3Wlco_402.0_405.0	/home/cx02775/iterative-pseudo-forced-alignment-ctc//data/sample/audio_16kHz/Y_M-Fokw3Wlco.wav	1	3.0	402.0	405.0	aire nocturno lo advirtiera ahí nomás lo	unknown	benedetti
Y_M-Fokw3Wlco_405.0_408.0	/home/cx02775/iterative-pseudo-forced-alignment-ctc//data/sample/audio_16kHz/Y_M-Fokw3Wlco.wav	1	3.0	405.0	408.0	dejaste a solas con su suerte que no es	unknown	benedetti
Y_M-Fokw3Wlco_408.0_412.0	/home/cx02775/iterative-pseudo-forced-alignment-ctc//data/sample/audio_16kHz/Y_M-Fokw3Wlco.wav	1	4.0	408.0	412.0	mucho creo que tienen razón la culpa es	unknown	benedetti
Y_M-Fokw3Wlco_412.0_415.0	/home/cx02775/iterative-pseudo-forced-alignment-ctc//data/sample/audio_16kHz/Y_M-Fokw3Wlco.wav	1	3.0	412.0	415.0	de uno cuando no enamora y no de los	unknown	benedetti
Y_M-Fokw3Wlco_415.0_418.0	/home/cx02775/iterative-pseudo-forced-alignment-ctc//data/sample/audio_16kHz/Y_M-Fokw3Wlco.wav	1	3.0	415.0	418.0	pretextos ni del tiempo	unknown	benedetti
Y_M-Fokw3Wlco_418.0_421.0	/home/cx02775/iterative-pseudo-forced-alignment-ctc//data/sample/audio_16kHz/Y_M-Fokw3Wlco.wav	1	3.0	418.0	421.0	hace mucho muchísimo que yo no me	unknown	benedetti
Y_M-Fokw3Wlco_421.0_424.0	/home/cx02775/iterative-pseudo-forced-alignment-ctc//data/sample/audio_16kHz/Y_M-Fokw3Wlco.wav	1	3.0	421.0	424.0	enfrentaba como anoche al espejo y fue	unknown	benedetti
Y_M-Fokw3Wlco_424.0_427.0	/home/cx02775/iterative-pseudo-forced-alignment-ctc//data/sample/audio_16kHz/Y_M-Fokw3Wlco.wav	1	3.0	424.0	427.0	implacable como vos más no fue tierno	unknown	benedetti
Y_M-Fokw3Wlco_427.0_430.0	/home/cx02775/iterative-pseudo-forced-alignment-ctc//data/sample/audio_16kHz/Y_M-Fokw3Wlco.wav	1	3.0	427.0	430.0	ahora estoy solo francamente solo	unknown	benedetti
Y_M-Fokw3Wlco_430.0_433.0	/home/cx02775/iterative-pseudo-forced-alignment-ctc//data/sample/audio_16kHz/Y_M-Fokw3Wlco.wav	1	3.0	430.0	433.0	siempre cuesta un poquito empezar a	unknown	benedetti
Y_M-Fokw3Wlco_433.0_436.0	/home/cx02775/iterative-pseudo-forced-alignment-ctc//data/sample/audio_16kHz/Y_M-Fokw3Wlco.wav	1	3.0	433.0	436.0	sentirse desgraciado antes de regresar a	unknown	benedetti
Y_M-Fokw3Wlco_436.0_439.0	/home/cx02775/iterative-pseudo-forced-alignment-ctc//data/sample/audio_16kHz/Y_M-Fokw3Wlco.wav	1	3.0	436.0	439.0	mis lóbregos cuarteles de invierno con	unknown	benedetti
Y_M-Fokw3Wlco_439.0_443.0	/home/cx02775/iterative-pseudo-forced-alignment-ctc//data/sample/audio_16kHz/Y_M-Fokw3Wlco.wav	1	4.0	439.0	443.0	los ojos bien secos por si acaso miro	unknown	benedetti
Y_M-Fokw3Wlco_443.0_446.0	/home/cx02775/iterative-pseudo-forced-alignment-ctc//data/sample/audio_16kHz/Y_M-Fokw3Wlco.wav	1	3.0	443.0	446.0	cómo te vas adentrando en la niebla y	unknown	benedetti
Y_M-Fokw3Wlco_446.0_459.0	/home/cx02775/iterative-pseudo-forced-alignment-ctc//data/sample/audio_16kHz/Y_M-Fokw3Wlco.wav	1	13.0	446.0	459.0	empiezo a recordarte	unknown	benedetti
Y_M-Fokw3Wlco_459.0_461.0	/home/cx02775/iterative-pseudo-forced-alignment-ctc//data/sample/audio_16kHz/Y_M-Fokw3Wlco.wav	1	2.0	459.0	461.0	no te salves	unknown	benedetti
Y_M-Fokw3Wlco_461.0_464.0	/home/cx02775/iterative-pseudo-forced-alignment-ctc//data/sample/audio_16kHz/Y_M-Fokw3Wlco.wav	1	3.0	461.0	464.0	no te quedes inmóvil al borde del camino	unknown	benedetti
Y_M-Fokw3Wlco_464.0_467.0	/home/cx02775/iterative-pseudo-forced-alignment-ctc//data/sample/audio_16kHz/Y_M-Fokw3Wlco.wav	1	3.0	464.0	467.0	no con geles el júbilo no quieras con	unknown	benedetti
Y_M-Fokw3Wlco_467.0_471.0	/home/cx02775/iterative-pseudo-forced-alignment-ctc//data/sample/audio_16kHz/Y_M-Fokw3Wlco.wav	1	4.0	467.0	471.0	desgana no te salves ahora ni nunca no	unknown	benedetti
Y_M-Fokw3Wlco_471.0_474.0	/home/cx02775/iterative-pseudo-forced-alignment-ctc//data/sample/audio_16kHz/Y_M-Fokw3Wlco.wav	1	3.0	471.0	474.0	te salves no te llenes de calma no	unknown	benedetti
Y_M-Fokw3Wlco_474.0_476.0	/home/cx02775/iterative-pseudo-forced-alignment-ctc//data/sample/audio_16kHz/Y_M-Fokw3Wlco.wav	1	2.0	474.0	476.0	reservas del mundo solo un rincón	unknown	benedetti
Y_M-Fokw3Wlco_476.0_477.0	/home/cx02775/iterative-pseudo-forced-alignment-ctc//data/sample/audio_16kHz/Y_M-Fokw3Wlco.wav	1	1.0	476.0	477.0	tranquilo	unknown	benedetti
Y_M-Fokw3Wlco_477.0_480.0	/home/cx02775/iterative-pseudo-forced-alignment-ctc//data/sample/audio_16kHz/Y_M-Fokw3Wlco.wav	1	3.0	477.0	480.0	no dejes carlos párpados pesados como	unknown	benedetti
Y_M-Fokw3Wlco_480.0_483.0	/home/cx02775/iterative-pseudo-forced-alignment-ctc//data/sample/audio_16kHz/Y_M-Fokw3Wlco.wav	1	3.0	480.0	483.0	juicios no te quedes sin labios no te	unknown	benedetti
Y_M-Fokw3Wlco_483.0_486.0	/home/cx02775/iterative-pseudo-forced-alignment-ctc//data/sample/audio_16kHz/Y_M-Fokw3Wlco.wav	1	3.0	483.0	486.0	duermas sin sueño no te pienses sin	unknown	benedetti
Y_M-Fokw3Wlco_486.0_490.0	/home/cx02775/iterative-pseudo-forced-alignment-ctc//data/sample/audio_16kHz/Y_M-Fokw3Wlco.wav	1	4.0	486.0	490.0	sangre no te juzgue sin tiempo pero si	unknown	benedetti
Y_M-Fokw3Wlco_490.0_493.0	/home/cx02775/iterative-pseudo-forced-alignment-ctc//data/sample/audio_16kHz/Y_M-Fokw3Wlco.wav	1	3.0	490.0	493.0	pese a todo no puedes evitarlo y	unknown	benedetti
Y_M-Fokw3Wlco_493.0_496.0	/home/cx02775/iterative-pseudo-forced-alignment-ctc//data/sample/audio_16kHz/Y_M-Fokw3Wlco.wav	1	3.0	493.0	496.0	congelas el júbilo y quieres con desgana	unknown	benedetti
Y_M-Fokw3Wlco_496.0_499.0	/home/cx02775/iterative-pseudo-forced-alignment-ctc//data/sample/audio_16kHz/Y_M-Fokw3Wlco.wav	1	3.0	496.0	499.0	y te salvas ahora y te llenas de calma y	unknown	benedetti
Y_M-Fokw3Wlco_499.0_501.0	/home/cx02775/iterative-pseudo-forced-alignment-ctc//data/sample/audio_16kHz/Y_M-Fokw3Wlco.wav	1	2.0	499.0	501.0	reservas del mundo solo un rincón	unknown	benedetti
Y_M-Fokw3Wlco_501.0_504.0	/home/cx02775/iterative-pseudo-forced-alignment-ctc//data/sample/audio_16kHz/Y_M-Fokw3Wlco.wav	1	3.0	501.0	504.0	tranquilo y dejas caer los párpados	unknown	benedetti
Y_M-Fokw3Wlco_504.0_507.0	/home/cx02775/iterative-pseudo-forced-alignment-ctc//data/sample/audio_16kHz/Y_M-Fokw3Wlco.wav	1	3.0	504.0	507.0	pesados como juicios y te secas sin	unknown	benedetti
Y_M-Fokw3Wlco_507.0_509.0	/home/cx02775/iterative-pseudo-forced-alignment-ctc//data/sample/audio_16kHz/Y_M-Fokw3Wlco.wav	1	2.0	507.0	509.0	labios y te duermes sin sueño y te	unknown	benedetti
Y_M-Fokw3Wlco_509.0_512.0	/home/cx02775/iterative-pseudo-forced-alignment-ctc//data/sample/audio_16kHz/Y_M-Fokw3Wlco.wav	1	3.0	509.0	512.0	piensas sin sangre y te juzgas sin	unknown	benedetti
Y_M-Fokw3Wlco_512.0_515.0	/home/cx02775/iterative-pseudo-forced-alignment-ctc//data/sample/audio_16kHz/Y_M-Fokw3Wlco.wav	1	3.0	512.0	515.0	tiempo y te quedas inmóvil al borde del	unknown	benedetti
Y_M-Fokw3Wlco_515.0_519.0	/home/cx02775/iterative-pseudo-forced-alignment-ctc//data/sample/audio_16kHz/Y_M-Fokw3Wlco.wav	1	4.0	515.0	519.0	camino y te salvas entonces no te quedes	unknown	benedetti
Y_M-Fokw3Wlco_519.0_519.0	/home/cx02775/iterative-pseudo-forced-alignment-ctc//data/sample/audio_16kHz/Y_M-Fokw3Wlco.wav	1	0.0	519.0	519.0	conmigo	unknown	benedetti
